{
    "name": "Stable Footing",
    "icon": "minecraft:enchanted_book",
    "category": "apotheosis:enchanting/enchantments",
    "flag": "apotheosis:enchanting",
    "sortnum": 1,
    "pages": [
        {
            "type": "patchouli:text",
            "text": "$(9)Stable Footing$() is an enchantment for boots.$(p)It causes the break speed penalty for flying to be reversed.$(p)This includes all penalties for not standing on the ground."
        },
        {
            "type": "patchouli:text",
            "text": "When combined with $(9)Aqua Affinity$(), you can have full break speed when swimming."
        }
    ]
}