{
    "name": "Enchantment Types",
    "icon": "minecraft:emerald",
    "category": "apotheosis:enchanting/enchantments",
    "flag": "apotheosis:enchanting",
    "sortnum": -1,
    "pages": [
        {
            "type": "patchouli:text",
            "text": "You may notice that some enchantments have different colored names.$(p)This is because Apotheosis introduces three new sub-categories of enchantments.$(p)Each sub-category has a a few rules imposed on them."
        },
        {
            "type": "patchouli:text",
            "title": "Masterwork",
            "text": "$(2)Masterwork$() enchantments represent the strongest and rarest enchantments.$(p)They always require at least 55 $(fpower) to receive."
        },
        {
            "type": "patchouli:text",
            "title": "Twisted",
            "text": "$(5)Twisted$() enchantments always have one good and one bad effect.$(p)They always require at least 45 $(fpower) to receive."
        },
        {
            "type": "patchouli:text",
            "title": "Corrupted",
            "text": "$(4)Corrupted$() enchantments have a health cost associated with their effect.$(p)They always require at least 65 $(fpower) to receive.$(p)They are considered to be $(c)curses$()."
        }
    ]
}