{
    "name": "Sundering",
    "icon": "apotheosis:textures/mob_effect/sundering.png",
    "category": "apotheosis:potion/effects",
    "flag": "apotheosis:potion",
    "sortnum": 0,
    "pages": [
        {
            "type": "patchouli:text",
            "text": "The Potion of $(c)Sundering$() is a negative effect.$(p)While under its effects, all damage received is increased by 20% per level."
        },
        {
            "type": "patchouli:text",
            "text": "It serves as a direct counter to resistance, and is additive with resistance.$(p)If you had Sundering II and Resistance II, you would take normal damage."
        }
    ]
}