{
    "name": "Ковадла",
    "description": "У цьому розділі детально описані всі зміни в ковадлі.$(p)Ковадла тепер зачаровуються, не мають обмежень за рівнем і можуть бути відремонтовані (в ковадлі) за допомогою залізних блоків.",
    "icon": "minecraft:anvil",
    "flag": "apotheosis:enchanting",
    "parent": "apotheosis:enchanting/enchanting"
}