{
    "name": "Movement Speed",
    "icon": "minecraft:leather_boots",
    "category": "apotheosis:adventure/attributes",
    "flag": "apotheosis:adventure",
    "sortnum": 0,
    "pages": [
        {
            "type": "patchouli:text",
            "text": "Your $(9)Movement Speed$() is how fast you move, in blocks per second.$(p)This stat can be provided by nearly any item."
        },
        {
            "type": "patchouli:text",
            "text": "$(9)$(n)Base Value:$() 0.7$(p)$(9)$(n)Max Value:$() 1024"
        }
    ]
}