{
  "processor": "me.desht.pneumaticcraft.common.thirdparty.patchouli.ProcessorPressureChamber",
  "components": [
    {
      "type": "patchouli:header",
      "text": "#header",
      "x": -1,
      "y": -6
    },
    {
      "type": "patchouli:item",
      "item": "#input1",
      "x": 32,
      "y": 42
    },
    {
      "type": "patchouli:item",
      "item": "#input2",
      "x": 32,
      "y": 26
    },
    {
      "type": "patchouli:item",
      "item": "#input3",
      "x": 32,
      "y": 58
    },
    {
      "type": "patchouli:item",
      "item": "#input4",
      "x": 16,
      "y": 42
    },
    {
      "type": "patchouli:item",
      "item": "#input5",
      "x": 48,
      "y": 42
    },
    {
      "type": "patchouli:item",
      "item": "#input6",
      "x": 16,
      "y": 26
    },
    {
      "type": "patchouli:item",
      "item": "#input7",
      "x": 16,
      "y": 58
    },
    {
      "type": "patchouli:item",
      "item": "#input8",
      "x": 48,
      "y": 26
    },
    {
      "type": "patchouli:item",
      "item": "#input9",
      "x": 16,
      "y": 58
    },
    {
      "type": "patchouli:item",
      "item": "#output1",
      "x": 98,
      "y": 42
    },
    {
      "type": "patchouli:item",
      "item": "#output2",
      "x": 98,
      "y": 24
    },
    {
      "type": "patchouli:item",
      "item": "#output3",
      "x": 97,
      "y": 60
    },
    {
      "type": "patchouli:text",
      "text": "#pressure",
      "x": 0,
      "y": 93
    },
    {
      "type": "patchouli:image",
      "image": "pneumaticcraft:textures/patchouli/elements.png",
      "x": 1,
      "y": 10,
      "u": 0,
      "v": 0,
      "width": 115,
      "height": 80
    }
  ]
}