{
  "name": "Стиснуте залізо",
  "icon": "pneumaticcraft:compressed_iron_helmet",
  "category": "pneumaticcraft:armor",
  "advancement": "pneumaticcraft:root",
  "pages": [
    {
      "type": "text",
      "text": "$(item)Compressed Iron Armor/$ - ранньоігровий набір обладунків, який дещо кращий за еквівалентний набір $(item)Iron Armor/$: дещо вища міцність і довговічність, а також частковий опір віддачі. Його можна відремонтувати в $(item)Anvil/$ за допомогою $(item)Compressed Iron Ingots/$."
    },
    {
      "type": "crafting",
      "recipe": "pneumaticcraft:compressed_iron_helmet",
      "recipe2": "pneumaticcraft:compressed_iron_chestplate"
    },
    {
      "type": "crafting",
      "recipe": "pneumaticcraft:compressed_iron_leggings",
      "recipe2": "pneumaticcraft:compressed_iron_boots"
    }
  ]
}