{
  "name": "Огляд пневматичної броні",
  "icon": "minecraft:written_book",
  "category": "pneumaticcraft:armor",
  "priority": "true",
  "advancement": "pneumaticcraft:printed_circuit_board",
  "pages": [
    {
      "type": "text",
      "text": "Що, якщо ви змішаєте $(pncr) з HUD'ом від $(thing)Iron Man/$? Ви отримаєте $(річ)Пневматичну броню/$!$(p)Хоча ця броня була натхненна іграшкою Тоні Старка, це зовсім не означає, що вона непереможна: за замовчуванням вона має лише трохи кращий захист і міцність, ніж еквівалентна деталь $(річ)Залізної броні/$. "
    },
    {
      "type": "image",
      "images": [
        "pneumaticcraft:textures/patchouli/pneumatic_armor.png"
      ],
      "border": "true",
      "text": "Стиснута Залізна Людина"
    },
    {
      "type": "text",
      "text": "Втім, цю броню можна покращувати. Щоб використати апгрейди (і прокачати броню), покладіть броню в $(l:machines/charging_station)Charging Station/$.$(p)Апгрейди, спільні для всіх одиниць, описані на наступних сторінках. Модернізації, специфічні для конкретних одиниць, описані окремо на сторінках для кожної одиниці броні."
    },
    {
      "type": "text",
      "text": "Коли ви екіпіруєте елемент броні, він $(річ)завантажиться/$ протягом декількох секунд. Ви можете натиснути $(thing)$(k:pneumaticcraft.armor.options)/$, щоб відкрити графічний інтерфейс, який дозволить вам налаштувати встановлені оновлення та відрегулювати HUD броні. Чим більше оновлень буде встановлено, тим більше опцій з'явиться у графічному інтерфейсі.$(p)Зверніть увагу, що всі оновлення можна вмикати/вимикати за допомогою прапорців у графічному інтерфейсі, і ви навіть можете прив'язати клавішу до кожного прапорця, щоб швидко перемикати функції поза графічним інтерфейсом."
    },
    {
      "type": "spotlight",
      "item": "minecraft:anvil",
      "title": "Ремонт",
      "text": "Є кілька способів підтримувати вашу цінну броню в хорошому стані:$(li)Її можна відремонтувати в $(річ)Ковадлі/$ з пресованими залізними злитками$(li)Додайте $(річ)Оновлення життя предмета/$ до кожного предмета, щоб він сам себе ремонтував$(li)Застосуйте заклинання $(річ)Лагодження/$ до кожного предмета"
    },
    {
      "type": "text",
      "title": "Розмальовка",
      "text": "Кожна деталь обладунку динамічно перефарбовується з сірої текстури за замовчуванням; кожна деталь має $(річ)основний/$ та $(річ)додатковий/$ кольори, які можна налаштувати незалежно, а шолом $(річ)окуляр/$ також може мати власний колір.$(p)Щоб налаштувати кольори, просто використовуйте екран $(жирний)Кольори.../$ на головному екрані графічного інтерфейсу обладунків. Для цього не потрібно ніяких спеціальних оновлень; це вбудована функціональність!"
    },
    {
      "type": "spotlight",
      "item": "pneumaticcraft:speed_upgrade",
      "text": "$(l:base_concepts/upgrades#speed)Speed Upgrades/$ зменшують час запуску кожної одиниці броні. Крім того, вони зменшують час фіксації $(l:armor/pneumatic_helmet)Шолома/$ для $(l:base_concepts/upgrades#entity_tracker)Відстежувача об'єктів/$ і $(l:base_concepts/upgrades#block_tracker)Відстежувача блоків/$, а також збільшують швидкість бігу $(l:armor/pneumatic_leggings)Гетрів/$, але за рахунок $(l:base_concepts/pressure)витрат повітря/$."
    },
    {
      "type": "spotlight",
      "item": "pneumaticcraft:volume_upgrade",
      "text": "$(l:base_concepts/upgrades#volume)Volume Upgrades/$ збільшують $(l:base_concepts/pressure)air storage capacity/$ кожної одиниці броні, завдяки чому вона довше заряджається, але повільніше втрачає тиск під час використання. Кількість апгрейдів обсягу обмежена 25, а віддача від них зменшується, коли ви додаєте все більше і більше апгрейдів."
    },
    {
      "type": "spotlight",
      "item": "pneumaticcraft:armor_upgrade",
      "text": "$(l:base_concepts/upgrades#armor)Armor Upgrades/$ збільшують захист і міцність кожної частини броні. Після встановлення 2 апгрейдів кожна одиниця броні стає такою ж міцною, як і відповідна одиниця $(річ)Діамантової броні/$.  З максимальними 4 оновленнями захист перевершує захист $(річ)Diamond Armor/$."
    },
    {
      "type": "spotlight",
      "item": "pneumaticcraft:item_life_upgrade",
      "text": "$(l:base_concepts/upgrades#item_life)Item Life Upgrades/$ повільно відновлює елемент броні за ціною $(l:base_concepts/pressure)air/$. На кожну одиницю можна встановити до 5 апгрейдів, що забезпечує поступово швидший (але менш ефективний за витратами повітря) ремонт."
    },
    {
      "type": "spotlight",
      "item": "pneumaticcraft:gilded_upgrade",
      "text": "Позолочений апгрейд $(l:base_concepts/upgrades#gilded)Gilded Upgrade/$ може бути встановлений на будь-яку броню, і обдурить $(thing)Piglins/$, змусивши їх повірити, що ви насправді носите $(thing)Gold Armor/$. Дурнуваті пігліни."
    },
    {
      "type": "spotlight",
      "flag": "mod:mekanism",
      "title": "Випромінювання меканізму",
      "item": "pneumaticcraft:radiation_shielding_upgrade",
      "text": "$(l:base_concepts/upgrades#radiation_shielding)Radiation Shielding Upgrade/$ забезпечує захист від шкідливого впливу випромінювання Механізму, так само як і $(l:https://wiki.aidancbrady.com/wiki/Radiation_Shielding_Unit)Radiation Shielding Unit/$. Зауважте, що ви повинні мати Оновлення захисту в кожній одиниці броні."
    },
    {
      "type": "text",
      "title": "Thaumcraft",
      "flag": "mod:thaumcraft",
      "text": "$(l:base_concepts/upgrades#thaumcraft)Thaumcraft Upgrades/$ надають предмету броні еквівалентну знижку vis відповідної $(thing)Thaumaturge's armor/$.  Крім того, модернізація Thaumcraft, встановлена в $(l:armor/helmet)Helmet/$, діє як $(item)Goggles of Revealing/$, показуючи вузли аури $(thing)aura/$ і відображаючи кількість $(thing)aspect/$ у контейнерах."
    }
  ]
}