{
  "name": "Пневматичний шолом",
  "icon": "pneumaticcraft:pneumatic_helmet",
  "category": "pneumaticcraft:armor",
  "advance": "pneumaticcraft:printed_circuit_board",
  "pages": [
    {
      "type": "text",
      "text": "$(item)Пневматичний шолом/$ - один з чотирьох предметів $(thing)Пневматична броня/$. $(p)Довгий час він був єдиним доступним предметом."
    },
    {
      "type": "crafting",
      "recipe": "pneumaticcraft:pneumatic_helmet",
      "text": "Виготовлення пневматичного шолома"
    },
    {
      "type": "spotlight",
      "anchor": "entity_tracker",
      "item": "pneumaticcraft:entity_tracker_upgrade",
      "text": "Зі встановленим оновленням $(l:base_concepts/upgrades#entity_tracker)Entity Tracker/$ живі істоти в радіусі 16 блоків будуть автоматично відстежуватися, навіть крізь стіни. Якщо істота є агресивним мобом, ви отримаєте попередження, якщо вона націлиться на вас. Це дозволить вам підготуватися до бою (або втечі!). Ви можете відфільтрувати у графічному інтерфейсі сутності, які слід відстежувати, за допомогою $(l:base_concepts/entity_filter)Entity Filter/$."
    },
    {
      "type": "spotlight",
      "item": "pneumaticcraft:block_tracker_upgrade",
      "text": "Після встановлення оновлення $(l:base_concepts/upgrades#block_tracker)Block Tracker/$ спеціальні блоки в межах 30 блоків будуть відстежуватися, навіть крізь стіни. Відстежуються такі блоки:$(li)Будь-які інвентарі (буде показано вміст)$(li)Моби-спайнери (буде показано час спарювання)$(li)Блоки срібних рибок$(li)Кінцеві рамки порталів$(li)ТНТ$(li)Гачки з розтяжками"
    },
    {
      "type": "text",
      "title": "Block Tracker (продовження)",
      "text": "Оскільки деякі з цих блоків є досить поширеними (інвентар у будинку гравця, блоки Silverfish у фортеці), HUD автоматично припинить показувати мітку, якщо буде досягнуто певної кількості блоків певного типу. Ви все ще можете отримати інформацію про відстежуваний блок, навівши на нього перехрестя прицілу. Ви також можете вказати, які блоки ви хочете відстежувати, знявши з них позначку у графічному інтерфейсі конфігурації."
    },
    {
      "type": "spotlight",
      "item": "pneumaticcraft:coordinate_tracker_upgrade",
      "text": "Оновлення $(l:base_concepts/upgrades#coordinate_tracker)Coordinate Tracker/$ обчислюватиме найкоротший шлях до вибраної локації, використовуючи для цього власну систему пошуку шляхів Minecraft.$(p)Це дуже корисно, коли ви заблукали в печері і хочете вибратися назовні: відкрийте меню опцій (натисніть $(thing)$(k:pneumaticcraft.armor.options)/$) і виберіть $(bold)Navigate to surface/$."
    },
    {
      "type": "spotlight",
      "item": "pneumaticcraft:search_upgrade",
      "text": "Чи знайома вам проблема пошуку певного предмета у вашій базі, яка має багато-багато скринь? Якщо так, то $(l:base_concepts/upgrades#item_searcher)Search Upgrade/$ для вас. Ви можете шукати предмет у графічному інтерфейсі: або перейдіть до потрібного предмета за допомогою смуги прокрутки, або введіть назву предмета у вікні пошуку. Коли ви знайдете об'єкт, покладіть його у слот Target."
    },
    {
      "type": "text",
      "title": "Шукач предметів (продовження)",
      "text": "Тепер будь-який вибраний предмет, що лежить на землі або в інвентарі в радіусі 16 блоків, отримає $(річ)зелене світіння/$. Розмір світіння залежить від співвідношення предмета на локації до загальної кількості знайдених предметів.$(p)Зауважте, що вам також потрібне оновлення $(l:base_concepts/upgrades#entity_tracker)Entity Tracker/$ (для предметів на землі) та/або $(l:base_concepts/upgrades#block_tracker)Block Tracker/$ (для предметів у інвентарі) у вашому шоломі."
    },
    {
      "type": "spotlight",
      "item": "pneumaticcraft:dispenser_upgrade",
      "text": "Оновлення $(l:base_concepts/upgrades#dispenser)Dispenser Upgrade/$, встановлене разом з $(l:base_concepts/upgrades#entity_tracker)Entity Tracker Upgrade/$, дозволяє контролювати/налагоджувати $(l:tools/drone)Drones/$. Просто натисніть $(річ)$(k:pneumaticcraft.helmet.debugging.drone)/$, дивлячись на $(item)Drone/$. Анімація відстеження тепер матиме червону рамку. Тепер відкрийте вікно опцій шолома, натиснувши $(thing)$(k:pneumaticcraft.armor.options)/$ і перейдіть на панель $(bold)Drone Debugging/$."
    },
    {
      "type": "spotlight",
      "item": "pneumaticcraft:range_upgrade",
      "text": "Оновлення $(l:base_concepts/upgrades#range)Range Upgrade/$ збільшує дальність дії $(l:base_concepts/upgrades#entity_tracker)Entity Tracker/$ та $(l:base_concepts/upgrades#block_tracker)Block Tracker/$ на 5 блоків за оновлення. Для Entity Tracker немає обмежень, але для Block Tracker приймається до 5 оновлень.$(p)Зауважте, що це оновлення збільшує споживання повітря шоломом."
    },
    {
      "type": "spotlight",
      "item": "pneumaticcraft:night_vision_upgrade",
      "text": "Модернізація $(l:base_concepts/upgrades#night_vision)нічного бачення/$ робить те, що обіцяє: дозволяє бачити в темряві, за дуже незначні $(l:base_concepts/pressure)витрати повітря/$."
    },
    {
      "type": "spotlight",
      "item": "pneumaticcraft:range_upgrade",
      "text": "Оновлення $(l:base_concepts/upgrades#range)Range Upgrade/$ збільшує дальність дії $(l:base_concepts/upgrades#entity_tracker)Entity Tracker/$ та $(l:base_concepts/upgrades#block_tracker)Block Tracker/$ на 5 блоків за оновлення. Для Entity Tracker немає обмежень, але для Block Tracker приймається до 5 оновлень.$(p)Зауважте, що це оновлення збільшує споживання повітря шоломом."
    },
    {
      "type": "spotlight",
      "item": "pneumaticcraft:night_vision_upgrade",
      "text": "Модернізація $(l:base_concepts/upgrades#night_vision)нічного бачення/$ робить те, що обіцяє: дозволяє бачити в темряві, за дуже незначні $(l:base_concepts/pressure)витрати повітря/$."
    },
    {
      "type": "spotlight",
      "item": "pneumaticcraft:scuba_upgrade",
      "text": "$(l:base_concepts/upgrades#scuba)SCUBA Upgrade/$ дозволяє дихати під водою, використовуючи для цього повітря з резерву шолома. Додатковим бонусом є маска для обличчя, яка забезпечує набагато чіткіший підводний зір; у поєднанні з $(l:base_concepts/upgrades#night_vision)Апгрейд нічного бачення/$ вид може бути досить вражаючим."
    },
    {
      "type": "spotlight",
      "item": "pneumaticcraft:ender_visor_upgrade",
      "text": "Оновлення $(l:base_concepts/upgrades#ender_visor)Ender Visor Upgrade/$ базується на передових дослідженнях $(thing)pumpkin/$, і надає можливість уникнути аггро $(thing)Enderman/$, одночасно зменшуючи візуальні труднощі, які зазвичай асоціюються із запиханням голови у справжній гарбуз."
    }
  ]
}