{
  "name": "Пневматичні черевики",
  "icon": "pneumaticcraft:pneumatic_boots",
  "category": "pneumaticcraft:armor",
  "advance": "pneumaticcraft:printed_circuit_board",
  "pages": [
    {
      "type": "text",
      "text": "$(item)Pneumatic Boots/$ - один з чотирьох $(thing)Pneumatic Armor/$. $(p)Черевики забезпечують вбудований захист від падіння за помірну вартість повітря (пропорційну до відкинутої шкоди від падіння). $(p)Ви також отримуєте 1-блоковий помічник кроку безкоштовно (без вартості повітря). Зверніть увагу, що це допомога при переході, а не автоматичний стрибок, і цю функцію можна перемикати"    },
    {
      "type": "crafting",
      "recipe": "pneumaticcraft:pneumatic_boots",
      "text": "Створення пневматичних чобіт"
    },
    {
      "type": "spotlight",
      "item": "pneumaticcraft:jet_boots_upgrade_1",
      "text": "Якщо ви коли-небудь хотіли парити в повітрі, не піклуючись ні про що на світі (окрім того, скільки у вас залишилося тиску), то $(l:base_concepts/upgrades#jet_boots_1)Jet Boots Upgrade/$ саме для вас.  Існує 5 рівнів Jet Boots Upgrade для дедалі швидшого польоту та більшого використання повітря."
    },
    {
      "type": "text",
      "title": "Реактивні черевики (продовження)",
      "text": "Коли оновлення активне, просто утримуйте клавішу $(k:pneumaticcraft.boots.jet_boots), щоб штовхнути у потрібному напрямку. $(p)$(thing)Jet Boots/$ - це $(bold)важкий/$ споживач повітря; наполегливо рекомендується додати кілька $(l:base_concepts/upgrades#volume)Об'ємних апгрейдів/$ до ваших черевиків (і $(l:armor/pneumatic_chestplate)нагрудної пластини/$ з $(l:base_concepts/upgrades#charging)Зарядними апгрейдами/$). $(p)Використання $(l:machines/aerial_interface)Повітряного інтерфейсу/$ також рекомендується, коли це можливо, разом з хорошою зарядною інфраструктурою на вашій базі."
    },
    {
      "type": "text",
      "title": "Реактивні черевики (продовження)",
      "text": "З $(l:base_concepts/upgrades#jet_boots_3)Jet Boots Upgrades: Tier III/$ або краще, ви також матимете доступ до $(thing)Builder Mode/$, який дозволяє більш творчий (але повільніший) контроль польоту та покращену швидкість копання в повітрі.$(p)Це можна вмикати та вимикати через графічний інтерфейс броні (і прив'язати до клавіші перемикання)."
    },
    {
      "type": "text",
      "title": "Реактивні черевики (продовження)",
      "text": "З $(l:base_concepts/upgrades#jet_boots_4)Оновленням реактивних черевиків: Tier IV/$ або краще, ви також отримуєте доступ до $(thing)Flight Stabilizers/$, які негайно зупинять вас, коли ви відпустите клавішу тяги (з витратами повітря, пропорційними швидкості, з якою ви рухалися).$(p)Як і Builder Mode, цей режим можна вмикати та вимикати за допомогою графічного інтерфейсу броні (і прив'язати до клавіші перемикання)."
    },
    {
      "type": "spotlight",
      "item": "pneumaticcraft:dispenser_upgrade",
      "text":  "Додавши до черевиків до 4 $(l:base_concepts/upgrades#dispenser)Dispenser Upgrades/$, ви отримаєте можливість виконати $(bold)pneumatic kick/$.  Це завдасть помірної шкоди істотам (і не лише живим!), але також спричинить сильний удар ногою, при помірних витратах повітря.$(p)Натисніть $(річ)$(k:пневматичні.черевики.удар)/$, щоб вдарити."
    },
    {
      "type": "spotlight",
      "item": "pneumaticcraft:flippers_upgrade",
      "text":  "Зі встановленим $(l:base_concepts/upgrades#flippers)Flippers Upgrade/$ ви отримаєте помірний приріст швидкості плавання. Це не потребує додаткових витрат повітря, тому є набагато дешевшою альтернативою Jet Boots, коли ви перебуваєте у воді."
    },
    {
      "type": "spotlight",
      "item": "pneumaticcraft:stomp_upgrade",
      "text":  "З встановленим та активним $(l:base_concepts/upgrades#stomp)Stomp Upgrade/$ ви можете обрушити на ворогів дощ руйнувань. Якщо ви впадете на землю досить швидко, щоб отримати ушкодження (навіть якщо воно буде поглинуте вашими черевиками), найближчі моби отримають ушкодження пропорційно до того, як швидко ви приземлилися. Це витрачає трохи повітря на кожного моба, якого було поранено таким чином."
    }
  ]
}