{
  "processor": "me.desht.pneumaticcraft.common.thirdparty.patchouli.ProcessorThermoPlant",
  "components": [
    {
      "type": "patchouli:header",
      "text": "#header",
      "x": -1,
      "y": -6
    },
    {
      "type": "patchouli:custom",
      "class": "me.desht.pneumaticcraft.common.thirdparty.patchouli.ComponentFluid",
      "fluid": "#fluid_input",
      "scale": "#scale",
      "x": 13,
      "y": 7
    },
    {
      "type": "patchouli:item",
      "item": "#item_input",
      "x": 38,
      "y": 7
    },
    {
      "type": "patchouli:custom",
      "class": "me.desht.pneumaticcraft.common.thirdparty.patchouli.ComponentFluid",
      "fluid": "#fluid_output",
      "scale": "#scale",
      "x": 79,
      "y": 7
    },
    {
      "type": "patchouli:item",
      "item": "#item_output",
      "x": 53,
      "y": 55
    },
    {
      "type": "patchouli:image",
      "image": "pneumaticcraft:textures/patchouli/elements.png",
      "x": 10,
      "y": 5,
      "u": 0,
      "v": 110,
      "width": 87,
      "height": 67
    },
    {
      "type": "patchouli:text",
      "text": "#text",
      "x": 5,
      "y": 80
    }
  ]
}