{
    "name": "Основні матеріали",
    "icon": "pneumaticcraft:ingot_iron_compressed",
    "category": "pneumaticcraft:base_concepts",
    "pages": [
        {
            "type": "text",
            "text": "$(pncr) не створює додаткових руд у землі. Для початку вам знадобляться $(item)Iron Ingots/$, які ви перетворите на $(item)Compressed Iron Ingots$(), що використовуються у багатьох рецептах мода.$(p)Для цього киньте ваш $(item)Iron Ingots/$ на землю і зробіть вибух поблизу. Найкраще підійде $(item)TNT/$, але будь-який інший вибух теж підійде."
        },
        {
            "type": "image",
            "images": [
                "pneumaticcraft:textures/patchouli/compressed_iron.png"
            ],
            "text": "$(курсив) Крок назад/$"
        },
        {
            "type": "spotlight",
            "anchor": "compressed_iron_ingot",
            "item": "pneumaticcraft:ingot_iron_compressed",
            "text": "Попередження: як побічний ефект вибуху ви втратите близько 20% злитків. Щоб уникнути цього, ви також можете виготовляти $(item)Злитки пресованого заліза/$ у $(l:manufacturing/pressure_chamber)Барокамері/$. Однак, щоб виготовити саму $(річ)Барокамеру/$, вам знадобиться трохи $(предмет)Зливків стисненого заліза/$, тож невеликих початкових втрат не уникнути."
        },
        {
            "type": "pneumaticcraft:pressure_chamber",
            "recipe": "pneumaticcraft:pressure_chamber/compressed_iron_ingot"
        },
        {
            "type": "crafting",
            "anchor": "compressed_iron_block",
            "recipe": "pneumaticcraft:compressed_iron_block_from_ingot",
            "text": "$(item)Блок пресованого заліза/$ є чудовим $(l:base_concepts/heat)Теплопровідником/$ і може бути використаний для створення більшої кількості граней для приєднання $(l:machines/heat_sink)Тепловідводів/$ до машин, що виробляють тепло. Однак, дивіться також $(l:machines/heat_pipe)Теплові труби/$."
        },
        {
            "type": "pneumaticcraft:pressure_chamber",
            "recipe": "pneumaticcraft:pressure_chamber/compressed_iron_block"
        }
    ]
}