{
  "name": "Пневматичні легінси",
  "icon": "pneumaticcraft:pneumatic_leggings",
  "category": "pneumaticcraft:armor",
  "advance": "pneumaticcraft:printed_circuit_board",
  "pages": [

    {
      "type": "text",
      "text": "$(item)Pneumatic Leggings/$ - один з чотирьох предметів $(item)Pneumatic Armor/$."
    },
    {
      "type": "crafting",
      "recipe": "pneumaticcraft:pneumatic_leggings",
      "text": "Створення пневматичних легінсів"
    },
    {
      "type": "spotlight",
      "item": "pneumaticcraft:speed_upgrade",
      "text":  "Окрім зменшення часу ініціалізації броні, $(l:base_concepts/upgrades#speed)Speed Upgrades/$ у гетрах мають більш важливий ефект: вони збільшують вашу $(річ)швидкість бігу/$, при дуже незначній $(l:base_concepts/pressure)вартості повітря/$.  Можна встановити до 4-х апгрейдів швидкості."
    },
    {
      "type": "text",
      "title": "Оновлення швидкості (продовження)",
      "text": "Графічний інтерфейс броні дозволяє зменшити приріст швидкості на льоту, якщо ви хочете змінити швидкість без необхідності шукати $(l:machines/charging_station)Charging Station/$ для заміни апгрейдів."
    },
    {
      "type": "spotlight",
      "item": "pneumaticcraft:jumping_upgrade_1",
      "text": "Оновлення $(l:base_concepts/upgrades#jumping_1)Jumping Upgrade/$ надає вам збільшену здатність до стрибків при незначних витратах повітря. Існує 4 рівні покращення стрибків. $(p)Утримування $(thing)$(k:key.sneak)/$ під час стрибка зменшить висоту стрибка до еквівалента одного покращення."
    },
    {
      "type": "text",
      "title": "Стрибкоподібне оновлення (продовження)",
      "text": "Графічний інтерфейс броні дозволяє зменшити прискорення стрибка на льоту, якщо ви хочете змінити висоту стрибка без необхідності шукати $(l:machines/charging_station)Charging Station/$ для заміни апгрейдів."
    }
  ]
}