{
  "name": "Пневматичний нагрудник",
  "icon": "pneumaticcraft:pneumatic_chestplate",
  "category": "pneumaticcraft:armor",
  "advance": "pneumaticcraft:printed_circuit_board",
  "pages": [


    {
      "type": "text",
      "text": "Пневматичний нагрудник $(item)Pneumatic Chestplate/$ є одним з чотирьох предметів $(thing)Pneumatic Armor/$. $(p)Він має більший $(l:base_concepts/pressure)об'єм повітря/$, ніж інші три предмети."
    },
    {
      "type": "crafting",
      "recipe": "pneumaticcraft:pneumatic_chestplate",
      "text": "Створення пневматичного нагрудника"
    },
    {
      "type": "spotlight",
      "item": "pneumaticcraft:security_upgrade",
      "text": "Зі встановленим $(l:base_concepts/upgrades#security)Security Upgrade/$ нагрудний щиток надає вам захист від вогню та лави, але за значні витрати повітря: повітря швидко викидається з нагрудного щитка, щоб загасити полум'я поблизу та зберегти прохолоду.  Воно навіть повільно застигає лаву поблизу."
    },
    {
      "type": "text",
      "title": "Оновлення безпеки (продовження)",
      "text": "Примітка: цей захист активується, якщо ви збираєтеся отримати вогневу шкоду, тому якщо ви вже захищені (наприклад, за допомогою зілля), це оновлення нічого не зробить."
    },
    {
      "type": "spotlight",
      "flag": "mod:immersiveengineering",
      "title": "Імерсивна інженерія",
      "item": "immersiveengineering:wirecoil_copper",
      "text": "Оновлення $(item)Security Upgrade/$ також забезпечить захист від неізольованої проводки $(l:https://minecraft.curseforge.com/projects/immersive-engineering)Immersive Engineering/$; ви не будете травмовані електричним струмом від таких дротів, але це коштуватиме повітря з нагрудної пластини, пропорційно до відверненої шкоди. Це не запобігає будь-яким зворотним ударам."
    },
    {
      "type": "spotlight",
      "item": "pneumaticcraft:magnet_upgrade",
      "text": "З одним або кількома $(l:base_concepts/upgrades#magnet)Magnet Upgrades/$, встановленими поблизу, предмети та XP кулі будуть притягуватися до вас за дуже малу вартість повітря.  Базовий радіус дії - 5 блоків, але його можна збільшити до 10 блоків, додавши додаткові апгрейди."
    },
    {
      "type": "text",
      "title": "Оновлення магніту (продовження)",
      "text": "Оновлення магніту поважає квітку $(item)Solegnolia/$ від Botania, а також не намагатиметься витягнути предмети з конвеєра Immersive Engineering $(item)conveyor belts/$."
    },
    {
      "type": "spotlight",
      "item": "pneumaticcraft:charging_upgrade",
      "text": "З одним або кількома $(l:base_concepts/upgrades#charging)Charging Upgrades/$, встановленими на нагрудній пластині, вона отримує можливість заряджати будь-який інший пневматичний предмет у вашому інвентарі, як одягнений, так і той, що ви носите з собою.  Нагрудна пластина заряджатиме предмети лише до власного рівня тиску.  Додавання додаткових зарядів (до 6) збільшує швидкість заряджання."
    },
    {
      "type": "spotlight",
      "item": "pneumaticcraft:dispenser_upgrade",
      "text": "Оновлення $(l:base_concepts/upgrades#dispenser)Dispenser Upgrade/$ дозволяє запускати предмети/блоки з вашого слоту, натиснувши і відпустивши $(річ)$(k:pneumaticcraft.chestplate.launcher)/$, подібно до $(l:machines/air_cannon)Air Cannon/$. Для повного заряджання пускової установки потрібно 15 тиків (0.75 секунди); якщо відпустити клавішу раніше, запуск відбудеться зі зменшеною швидкістю."
    },
    {
      "type": "text",
      "title": "Оновлення дозатора (продовження)",
      "text": "$(li)Деякі блоки мають особливу поведінку, подібну до поведінки $(item)Dispenser/$, такі як $(item)TNT/$ або $(item)Arrows/$...$(li)Інші блоки (такі як $(item)Torches/$) будуть стріляти як падаючі блоки, які реформуються як блоки, коли вдаряться об щось.$(li)Інші предмети будуть стріляти просто як сутності предметів."
    },
    {
      "type": "spotlight",
      "item": "pneumaticcraft:range_upgrade",
      "text": "Оновлення $(l:base_concepts/upgrades#range)Range Upgrade/$, встановлене у вашому нагрудному знаку, збільшує дальність взаємодії з блоками (не ближнього бою) на 3.5 блоки, поки воно активне. Однак це вимагає невеликих витрат повітря."
    },
    {
      "type": "spotlight",
      "item": "pneumaticcraft:air_conditioning_upgrade",
      "flag": "mod:toughasnails",
      "title": "Оновлення кондиціонера",
      "text": "З чотирма $(l:base_concepts/upgrades#air_conditioning)Air Conditioning Upgrades/$ встановленими, ви отримаєте певний захист від екстремальних температур навколишнього середовища, який додасть мод $(l:https://minecraft.curseforge.com/projects/tough-as-nails)Tough As Nails/$. Кондиціонер автоматично увімкнеться, якщо виявить, що температура вашого тіла вища або нижча за норму, і вимкнеться, коли рівновагу буде відновлено."
    },
    {
      "type": "text",
      "flag": "mod:toughasnails",
      "title": "Оновлення кондиціонера (продовження)",
      "text": "Однак, це пов'язано з помірними витратами, які залежать від необхідного рівня нагрівання або охолодження та кількості встановлених оновлень. Залежно від середовища, в якому ви працюєте, вам можуть не знадобитися всі чотири оновлення, щоб залишатися в комфорті."
    }
  ]
}