{
    "name": "Enchantability",
    "icon": "minecraft:golden_sword",
    "category": "apotheosis:enchanting/changes",
    "flag": "apotheosis:enchanting",
    "sortnum": 1,
    "pages": [
        {
            "type": "patchouli:text",
            "text": "In Vanilla, all items without an explicit $(l:apotheosis:enchanting/table/enchantability)Item Enchantability$() have a default of zero.$(p)Apotheosis changes the default to one.$(p)This has the side effect of making some items unintentionally enchantable."
        },
        {
            "type": "patchouli:text",
            "text": "This tweak does not change the enchantability of items that have an explicit value.$(p)Items with an enchantability of zero can never be enchanted."
        }
    ]
}