{
    "name": "Enchanting Power",
    "icon": "minecraft:experience_bottle",
    "category": "apotheosis:enchanting/table",
    "flag": "apotheosis:enchanting",
    "pages": [
        {
            "type": "patchouli:text",
            "text": "During the enchanting process, you spend experience and Lapis Lazuli to enchant an item.$(p)But how are the enchantments selected?$(p)The answer to that is Enchanting Power."
        },
        {
            "type": "patchouli:text",
            "text": "First, we'll go over how enchantments are selected.$(p)Each enchantment has a $(5)Power Function$(), which controls what $(fpower) will make a specific level available.$(p)Once all the available enchantments are gathered, some are selected randomly based on their weights."
        },
        {
            "type": "patchouli:text",
            "text": "But how is $(fpower) calculated? Well, it takes some math.$(p)Intially, you have a $(bpower), which is the level you spent while enchanting.$(p)Then, $(quanta) and Rectification modify your $(bpower) to produce your $(fpower)."
        },
        {
            "type": "patchouli:text",
            "text": "The specifics of how each stat modifies your $(bpower) can be found in the $(l:apotheosis:enchanting/table/stats#quanta)$(quanta) and $(l:apotheosis:enchanting/table/stats#rectification)Rectification$() entries.$(p)Typically, a higher $(fpower) will get you access to higher level enchantments."
        }
    ]
}